{
  "suggestions": [{
    "keyword": "Barrie",
    "id": 1,
    "autocompleteTerm": "Barrie Ontario",
    "country": "City"
  }, {
    "keyword": "Belleville",
    "id": 2,
    "autocompleteTerm": "Belleville Ontario",
    "country": "City"
  }, {
    "keyword": "Brampton",
    "id": 3,
    "autocompleteTerm": "Brampton Ontario",
    "country": "City"
  }, {
    "keyword": "Brant",
    "id": 4,
    "autocompleteTerm": "Brant Ontario",
    "country": "City"
  }, {
    "keyword": "Brantford",
    "id": 5,
    "autocompleteTerm": "Brantford Ontario",
    "country": "City"
  }, {
    "keyword": "Brockville",
    "id": 6,
    "autocompleteTerm": "Brockville Ontario",
    "country": "City"
  }, {
    "keyword": "Burlington",
    "id": 7,
    "autocompleteTerm": "Burlington Ontario",
    "country": "City"
  }, {
    "keyword": "Cambridge",
    "id": 8,
    "autocompleteTerm": "Cambridge Ontario",
    "country": "City"
  }, {
    "keyword": "Port Colborne",
    "id": 9,
    "autocompleteTerm": "Port Colborne Ontario",
    "country": "City"
  }, {
    "keyword": "Clarence-Rockland",
    "id": 10,
    "autocompleteTerm": "Clarence-Rockland Ontario",
    "country": "City"
  }, {
    "keyword": "Cornwall",
    "id": 11,
    "autocompleteTerm": "Cornwall Ontario",
    "country": "City"
  }, {
    "keyword": "Dryden",
    "id": 12,
    "autocompleteTerm": "Dryden Ontario",
    "country": "City"
  }, {
    "keyword": "Elliot Lake",
    "id": 13,
    "autocompleteTerm": "Elliot Lake Ontario",
    "country": "City"
  }, {
    "keyword": "Greater Sudbury",
    "id": 14,
    "autocompleteTerm": "Greater Sudbury Ontario",
    "country": "City"
  }, {
    "keyword": "Guelph",
    "id": 15,
    "autocompleteTerm": "Guelph Ontario",
    "country": "City"
  }, {
    "keyword": "Haldimand County",
    "id": 16,
    "autocompleteTerm": "Haldimand County Ontario",
    "country": "City"
  }, {
    "keyword": "Hamilton",
    "id": 17,
    "autocompleteTerm": "Hamilton Ontario",
    "country": "City"
  }, {
    "keyword": "Kawartha Lakes",
    "id": 18,
    "autocompleteTerm": "Kawartha Lakes Ontario",
    "country": "City"
  }, {
    "keyword": "Kenora",
    "id": 19,
    "autocompleteTerm": "Kenora Ontario",
    "country": "City"
  }, {
    "keyword": "Kingston",
    "id": 20,
    "autocompleteTerm": "Kingston Ontario",
    "country": "City"
  }, {
    "keyword": "Kitchener",
    "id": 21,
    "autocompleteTerm": "Kitchener Ontario",
    "country": "City"
  }, {
    "keyword": "London",
    "id": 22,
    "autocompleteTerm": "London Ontario",
    "country": "City"
  }, {
    "keyword": "Markham",
    "id": 23,
    "autocompleteTerm": "Markham Ontario",
    "country": "City"
  }, {
    "keyword": "Mississauga",
    "id": 24,
    "autocompleteTerm": "Mississauga Ontario",
    "country": "City"
  }, {
    "keyword": "Niagara Falls",
    "id": 25,
    "autocompleteTerm": "Niagara Falls Ontario",
    "country": "City"
  }, {
    "keyword": "Norfolk County",
    "id": 26,
    "autocompleteTerm": "Norfolk County Ontario",
    "country": "City"
  }, {
    "keyword": "North Bay",
    "id": 27,
    "autocompleteTerm": "North Bay Ontario",
    "country": "City"
  }, {
    "keyword": "Orillia",
    "id": 28,
    "autocompleteTerm": "Orillia Ontario",
    "country": "City"
  }, {
    "keyword": "Oshawa",
    "id": 29,
    "autocompleteTerm": "Oshawa Ontario",
    "country": "City"
  }, {
    "keyword": "Ottawa",
    "id": 30,
    "autocompleteTerm": "Ottawa Ontario",
    "country": "City"
  }, {
    "keyword": "Owen Sound",
    "id": 31,
    "autocompleteTerm": "Owen Sound Ontario",
    "country": "City"
  }, {
    "keyword": "Pembroke",
    "id": 32,
    "autocompleteTerm": "Pembroke Ontario",
    "country": "City"
  }, {
    "keyword": "Peterborough",
    "id": 33,
    "autocompleteTerm": "Peterborough Ontario",
    "country": "City"
  }, {
    "keyword": "Pickering",
    "id": 34,
    "autocompleteTerm": "Pickering Ontario",
    "country": "City"
  }, {
    "keyword": "Prince Edward County",
    "id": 35,
    "autocompleteTerm": "Prince Edward County Ontario",
    "country": "City"
  }, {
    "keyword": "Quinte West",
    "id": 36,
    "autocompleteTerm": "Quinte West Ontario",
    "country": "City"
  }, {
    "keyword": "Richmond Hill",
    "id": 37,
    "autocompleteTerm": "Richmond Hill Ontario",
    "country": "City"
  }, {
    "keyword": "Sarnia",
    "id": 38,
    "autocompleteTerm": "Sarnia Ontario",
    "country": "City"
  }, {
    "keyword": "Sault Ste. Marie",
    "id": 39,
    "autocompleteTerm": "Sault Ste. Marie Ontario",
    "country": "City"
  }, {
    "keyword": "St. Catharines",
    "id": 40,
    "autocompleteTerm": "St. Catharines Ontario",
    "country": "City"
  }, {
    "keyword": "St. Thomas",
    "id": 41,
    "autocompleteTerm": "St. Thomas Ontario",
    "country": "City"
  }, {
    "keyword": "Stratford",
    "id": 42,
    "autocompleteTerm": "Stratford Ontario",
    "country": "City"
  }, {
    "keyword": "Temiskaming Shores",
    "id": 43,
    "autocompleteTerm": "Temiskaming Shores Ontario",
    "country": "City"
  }, {
    "keyword": "Thorold",
    "id": 44,
    "autocompleteTerm": "Thorold Ontario",
    "country": "City"
  }, {
    "keyword": "Thunder Bay",
    "id": 45,
    "autocompleteTerm": "Thunder Bay Ontario",
    "country": "City"
  }, {
    "keyword": "Timmins",
    "id": 46,
    "autocompleteTerm": "Timmins Ontario",
    "country": "City"
  }, {
    "keyword": "Toronto",
    "id": 47,
    "autocompleteTerm": "Toronto Ontario",
    "country": "City"
  }, {
    "keyword": "Vaughan",
    "id": 48,
    "autocompleteTerm": "Vaughan Ontario",
    "country": "City"
  }, {
    "keyword": "Waterloo",
    "id": 49,
    "autocompleteTerm": "Waterloo Ontario",
    "country": "City"
  }, {
    "keyword": "Welland",
    "id": 50,
    "autocompleteTerm": "Welland Ontario",
    "country": "City"
  }, {
    "keyword": "Windsor",
    "id": 51,
    "autocompleteTerm": "Windsor Ontario",
    "country": "City"
  }, {
    "keyword": "Woodstock",
    "id": 52,
    "autocompleteTerm": "Woodstock Ontario",
    "country": "City"
  }, {
    "keyword": "British Columbia",
    "id": 53,
    "autocompleteTerm": "British Columbia",
    "country": "Province"
  }, {
    "keyword": "Manitoba",
    "id": 54,
    "autocompleteTerm": "Manitoba",
    "country": "Province"
  }, {
    "keyword": "Quebec",
    "id": 55,
    "autocompleteTerm": "Quebec",
    "country": "Province"
  }, {
    "keyword": "Alberta",
    "id": 56,
    "autocompleteTerm": "Alberta",
    "country": "Province"
  }, {
    "keyword": "Ontario",
    "id": 57,
    "autocompleteTerm": "Ontario",
    "country": "Province"
  }, {
    "keyword": "Old Toronto",
    "id": 58,
    "autocompleteTerm": "Old Toronto",
    "country": "Neighbourhood of Toronto"
  }, {
    "keyword": "East York",
    "id": 59,
    "autocompleteTerm": "East York",
    "country": "Neighbourhood of Toronto"
  }, {
    "keyword": "Etobicoke",
    "id": 60,
    "autocompleteTerm": "Etobicoke",
    "country": "Neighbourhood of Toronto"
  }, {
    "keyword": "North York",
    "id": 61,
    "autocompleteTerm": "North York",
    "country": "Neighbourhood of Toronto"
  }, {
    "keyword": "Scarborough",
    "id": 63,
    "autocompleteTerm": "Scarborough",
    "country": "Neighbourhood of Toronto"
  }, {
    "keyword": "York",
    "id": 63,
    "autocompleteTerm": "York",
    "country": "Neighbourhood of Toronto"
  }, {
    "keyword": "Agincourt North",
    "id": 63,
    "autocompleteTerm": "Agincourt North",
    "country": "Neighbourhood of Toronto"
  }, {
    "keyword": "Agincourt South-Malvern West",
    "id": 63,
    "autocompleteTerm": "Agincourt South-Malvern West",
    "country": "Neighbourhood of Toronto"
  }, {
    "keyword": "Alderwood",
    "id": 63,
    "autocompleteTerm": "Alderwood",
    "country": "Neighbourhood of Toronto"
  }, {
    "keyword": "Annex",
    "id": 63,
    "autocompleteTerm": "Annex",
    "country": "Neighbourhood of Toronto"
  }, {
    "keyword": "Banbury-Don Mills",
    "id": 63,
    "autocompleteTerm": "Banbury-Don Mills",
    "country": "Neighbourhood of Toronto"
  }, {
    "keyword": "Bathurst Manor",
    "id": 63,
    "autocompleteTerm": "Bathurst Manor",
    "country": "Neighbourhood of Toronto"
  }, {
    "keyword": "Bay Street Corridor",
    "id": 63,
    "autocompleteTerm": "Bay Street Corridor",
    "country": "Neighbourhood of Toronto"
  }, {
    "keyword": "Bayview Village",
    "id": 63,
    "autocompleteTerm": "Bayview Village",
    "country": "Neighbourhood of Toronto"
  }, {
    "keyword": "Bayview Woods-Steeles",
    "id": 63,
    "autocompleteTerm": "Bayview Woods-Steeles",
    "country": "Neighbourhood of Toronto"
  }, {
    "keyword": "Bedford Park-Nortown",
    "id": 63,
    "autocompleteTerm": "Bedford Park-Nortown",
    "country": "Neighbourhood of Toronto"
  }, {
    "keyword": "Beechborough-Greenbrook",
    "id": 63,
    "autocompleteTerm": "Beechborough-Greenbrook",
    "country": "Neighbourhood of Toronto"
  }, {
    "keyword": "Bendale",
    "id": 63,
    "autocompleteTerm": "Bendale",
    "country": "Neighbourhood of Toronto"
  }, {
    "keyword": "Birchcliffe-Cliffside",
    "id": 63,
    "autocompleteTerm": "Birchcliffe-Cliffside",
    "country": "Neighbourhood of Toronto"
  }, {
    "keyword": "Black Creek",
    "id": 63,
    "autocompleteTerm": "Black Creek",
    "country": "Neighbourhood of Toronto"
  }, {
    "keyword": "Blake-Jones",
    "id": 63,
    "autocompleteTerm": "Blake-Jones",
    "country": "Neighbourhood of Toronto"
  }, {
    "keyword": "Briar Hill-Belgravia",
    "id": 63,
    "autocompleteTerm": "Briar Hill-Belgravia",
    "country": "Neighbourhood of Toronto"
  }, {
    "keyword": "Bridle Path-Sunnybrook-York Mills",
    "id": 63,
    "autocompleteTerm": "Bridle Path-Sunnybrook-York Mills",
    "country": "Neighbourhood of Toronto"
  }, {
    "keyword": "Broadview North",
    "id": 63,
    "autocompleteTerm": "Broadview North",
    "country": "Neighbourhood of Toronto"
  }, {
    "keyword": "Brookhaven-Amesbury",
    "id": 63,
    "autocompleteTerm": "Brookhaven-Amesbury",
    "country": "Neighbourhood of Toronto"
  }, {
    "keyword": "Cabbagetown-South St. James Town",
    "id": 63,
    "autocompleteTerm": "Cabbagetown-South St. James Town",
    "country": "Neighbourhood of Toronto"
  }, {
    "keyword": "Caledonia-Fairbank",
    "id": 63,
    "autocompleteTerm": "Caledonia-Fairbank",
    "country": "Neighbourhood of Toronto"
  }, {
    "keyword": "Casa Loma",
    "id": 63,
    "autocompleteTerm": "Casa Loma",
    "country": "Neighbourhood of Toronto"
  }, {
    "keyword": "Centennial Scarborough",
    "id": 63,
    "autocompleteTerm": "Centennial Scarborough",
    "country": "Neighbourhood of Toronto"
  }, {
    "keyword": "Church-Yonge Corridor",
    "id": 63,
    "autocompleteTerm": "Church-Yonge Corridor",
    "country": "Neighbourhood of Toronto"
  }, {
    "keyword": "Clairlea-Birchmount",
    "id": 63,
    "autocompleteTerm": "Clairlea-Birchmount",
    "country": "Neighbourhood of Toronto"
  }, {
    "keyword": "Clanton Park",
    "id": 63,
    "autocompleteTerm": "Clanton Park",
    "country": "Neighbourhood of Toronto"
  }, {
    "keyword": "Cliffcrest",
    "id": 63,
    "autocompleteTerm": "Cliffcrest",
    "country": "Neighbourhood of Toronto"
  }, {
    "keyword": "Corso Italia-Davenport",
    "id": 63,
    "autocompleteTerm": "Corso Italia-Davenport",
    "country": "Neighbourhood of Toronto"
  }, {
    "keyword": "Crescent Town",
    "id": 63,
    "autocompleteTerm": "Crescent Town",
    "country": "Neighbourhood of Toronto"
  }, {
    "keyword": "Danforth - East York",
    "id": 63,
    "autocompleteTerm": "Danforth - East York",
    "country": "Neighbourhood of Toronto"
  },{
    "keyword": "Danforth",
    "id": 63,
    "autocompleteTerm": "Danforth",
    "country": "Neighbourhood of Toronto"
  },{
    "keyword": "Don Valley Village",
    "id": 63,
    "autocompleteTerm": "Don Valley Village",
    "country": "Neighbourhood of Toronto"
  },{
    "keyword": "Dorset Park",
    "id": 63,
    "autocompleteTerm": "Dorset Park",
    "country": "Neighbourhood of Toronto"
  },{
    "keyword": "Dovercourt-Wallace Emerson-Junction",
    "id": 63,
    "autocompleteTerm": "Dovercourt-Wallace Emerson-Junction",
    "country": "Neighbourhood of Toronto"
  },{
    "keyword": "Downsview-Roding-CFB",
    "id": 63,
    "autocompleteTerm": "Downsview-Roding-CFB",
    "country": "Neighbourhood of Toronto"
  },{
    "keyword": "Dufferin Grove",
    "id": 63,
    "autocompleteTerm": "Dufferin Grove",
    "country": "Neighbourhood of Toronto"
  },{
    "keyword": "East End-Danforth",
    "id": 63,
    "autocompleteTerm": "East End-Danforth",
    "country": "Neighbourhood of Toronto"
  },{
    "keyword": "Edenbridge-Humber Valley",
    "id": 63,
    "autocompleteTerm": "Edenbridge-Humber Valley",
    "country": "Neighbourhood of Toronto"
  },{
    "keyword": "Eglinton East",
    "id": 63,
    "autocompleteTerm": "Eglinton East",
    "country": "Neighbourhood of Toronto"
  },{
    "keyword": "Elms-Old Rexdale",
    "id": 63,
    "autocompleteTerm": "Elms-Old Rexdale",
    "country": "Neighbourhood of Toronto"
  },{
    "keyword": "Englemount-Lawrence",
    "id": 63,
    "autocompleteTerm": "Englemount-Lawrence",
    "country": "Neighbourhood of Toronto"
  },{
    "keyword": "Eringate-Centennial-West Deane",
    "id": 63,
    "autocompleteTerm": "Eringate-Centennial-West Deane",
    "country": "Neighbourhood of Toronto"
  },{
    "keyword": "Etobicoke West Mall",
    "id": 63,
    "autocompleteTerm": "Etobicoke West Mall",
    "country": "Neighbourhood of Toronto"
  },{
    "keyword": "Flemingdon Park",
    "id": 63,
    "autocompleteTerm": "Flemingdon Park",
    "country": "Neighbourhood of Toronto"
  },{
    "keyword": "Forest Hill North",
    "id": 63,
    "autocompleteTerm": "Forest Hill North",
    "country": "Neighbourhood of Toronto"
  },{
    "keyword": "Forest Hill South",
    "id": 63,
    "autocompleteTerm": "Forest Hill South",
    "country": "Neighbourhood of Toronto"
  },{
    "keyword": "Glenfield-Jane Heights",
    "id": 63,
    "autocompleteTerm": "Glenfield-Jane Heights",
    "country": "Neighbourhood of Toronto"
  },{
    "keyword": "Greenwood-Coxwell",
    "id": 63,
    "autocompleteTerm": "Greenwood-Coxwell",
    "country": "Neighbourhood of Toronto"
  },{
    "keyword": "Guildwood",
    "id": 63,
    "autocompleteTerm": "Guildwood",
    "country": "Neighbourhood of Toronto"
  },{
    "keyword": "Henry Farm",
    "id": 63,
    "autocompleteTerm": "Henry Farm",
    "country": "Neighbourhood of Toronto"
  },{
    "keyword": "High Park North",
    "id": 63,
    "autocompleteTerm": "High Park North",
    "country": "Neighbourhood of Toronto"
  },{
    "keyword": "High Park-Swansea",
    "id": 63,
    "autocompleteTerm": "High Park-Swansea",
    "country": "Neighbourhood of Toronto"
  },{
    "keyword": "Highland Creek",
    "id": 63,
    "autocompleteTerm": "Highland Creek",
    "country": "Neighbourhood of Toronto"
  },{
    "keyword": "Hillcrest Village",
    "id": 63,
    "autocompleteTerm": "Hillcrest Village",
    "country": "Neighbourhood of Toronto"
  },{
    "keyword": "Humber Heights-Westmount",
    "id": 63,
    "autocompleteTerm": "Humber Heights-Westmount",
    "country": "Neighbourhood of Toronto"
  },{
    "keyword": "Humber Summit",
    "id": 63,
    "autocompleteTerm": "Humber Summit",
    "country": "Neighbourhood of Toronto"
  },{
    "keyword": "Humbermede",
    "id": 63,
    "autocompleteTerm": "Humbermede",
    "country": "Neighbourhood of Toronto"
  },{
    "keyword": "Humewood-Cedarvale",
    "id": 63,
    "autocompleteTerm": "Humewood-Cedarvale",
    "country": "Neighbourhood of Toronto"
  },{
    "keyword": "Ionview",
    "id": 63,
    "autocompleteTerm": "Ionview",
    "country": "Neighbourhood of Toronto"
  },{
    "keyword": "Islington-City Centre West",
    "id": 63,
    "autocompleteTerm": "Islington-City Centre West",
    "country": "Neighbourhood of Toronto"
  },{
    "keyword": "Junction Area",
    "id": 63,
    "autocompleteTerm": "Junction Area",
    "country": "Neighbourhood of Toronto"
  },{
    "keyword": "Keelesdale-Eglinton West",
    "id": 63,
    "autocompleteTerm": "Keelesdale-Eglinton West",
    "country": "Neighbourhood of Toronto"
  },{
    "keyword": "Kennedy Park",
    "id": 63,
    "autocompleteTerm": "Kennedy Park",
    "country": "Neighbourhood of Toronto"
  },{
    "keyword": "Kensington-Chinatown",
    "id": 63,
    "autocompleteTerm": "Kensington-Chinatown",
    "country": "Neighbourhood of Toronto"
  },{
    "keyword": "Kingsview Village-The Westway",
    "id": 63,
    "autocompleteTerm": "Kingsview Village-The Westway",
    "country": "Neighbourhood of Toronto"
  },{
    "keyword": "Kingsway South",
    "id": 63,
    "autocompleteTerm": "Kingsway South",
    "country": "Neighbourhood of Toronto"
  },{
    "keyword": "L'Amoreaux",
    "id": 63,
    "autocompleteTerm": "L'Amoreaux",
    "country": "Neighbourhood of Toronto"
  },{
    "keyword": "Lambton Baby Point",
    "id": 63,
    "autocompleteTerm": "Lambton Baby Point",
    "country": "Neighbourhood of Toronto"
  },{
    "keyword": "Lansing-Westgate",
    "id": 63,
    "autocompleteTerm": "Lansing-Westgate",
    "country": "Neighbourhood of Toronto"
  },{
    "keyword": "Lawrence Park North",
    "id": 63,
    "autocompleteTerm": "Lawrence Park North",
    "country": "Neighbourhood of Toronto"
  },{
    "keyword": "Lawrence Park South",
    "id": 63,
    "autocompleteTerm": "Lawrence Park South",
    "country": "Neighbourhood of Toronto"
  },{
    "keyword": "Leaside-Bennington",
    "id": 63,
    "autocompleteTerm": "Leaside-Bennington",
    "country": "Neighbourhood of Toronto"
  },{
    "keyword": "Little Portugal",
    "id": 63,
    "autocompleteTerm": "Little Portugal",
    "country": "Neighbourhood of Toronto"
  },{
    "keyword": "Long Branch",
    "id": 63,
    "autocompleteTerm": "Long Branch",
    "country": "Neighbourhood of Toronto"
  },{
    "keyword": "Malvern",
    "id": 63,
    "autocompleteTerm": "Malvern",
    "country": "Neighbourhood of Toronto"
  },{
    "keyword": "Maple Leaf",
    "id": 63,
    "autocompleteTerm": "Maple Leaf",
    "country": "Neighbourhood of Toronto"
  },{
    "keyword": "Markland Wood",
    "id": 63,
    "autocompleteTerm": "Markland Wood",
    "country": "Neighbourhood of Toronto"
  },{
    "keyword": "Milliken",
    "id": 63,
    "autocompleteTerm": "Milliken",
    "country": "Neighbourhood of Toronto"
  },{
    "keyword": "Mimico",
    "id": 63,
    "autocompleteTerm": "Mimico",
    "country": "Neighbourhood of Toronto"
  },{
    "keyword": "Morningside",
    "id": 63,
    "autocompleteTerm": "Morningside",
    "country": "Neighbourhood of Toronto"
  },{
    "keyword": "Moss Park",
    "id": 63,
    "autocompleteTerm": "Moss Park",
    "country": "Neighbourhood of Toronto"
  },{
    "keyword": "Mount Dennis",
    "id": 63,
    "autocompleteTerm": "Mount Dennis",
    "country": "Neighbourhood of Toronto"
  },{
    "keyword": "Mount Olive-Silverstone-Jamestown",
    "id": 63,
    "autocompleteTerm": "Mount Olive-Silverstone-Jamestown",
    "country": "Neighbourhood of Toronto"
  },{
    "keyword": "Mount Pleasant East",
    "id": 63,
    "autocompleteTerm": "Mount Pleasant East",
    "country": "Neighbourhood of Toronto"
  },{
    "keyword": "Mount Pleasant West",
    "id": 63,
    "autocompleteTerm": "Mount Pleasant West",
    "country": "Neighbourhood of Toronto"
  },{
    "keyword": "New Toronto",
    "id": 63,
    "autocompleteTerm": "New Toronto",
    "country": "Neighbourhood of Toronto"
  },{
    "keyword": "Newtonbrook East",
    "id": 63,
    "autocompleteTerm": "Newtonbrook East",
    "country": "Neighbourhood of Toronto"
  },{
    "keyword": "Newtonbrook West",
    "id": 63,
    "autocompleteTerm": "Newtonbrook West",
    "country": "Neighbourhood of Toronto"
  },{
    "keyword": "Niagara",
    "id": 63,
    "autocompleteTerm": "Niagara",
    "country": "Neighbourhood of Toronto"
  },{
    "keyword": "North Riverdale",
    "id": 63,
    "autocompleteTerm": "North Riverdale",
    "country": "Neighbourhood of Toronto"
  },{
    "keyword": "North St. James Town",
    "id": 63,
    "autocompleteTerm": "North St. James Town",
    "country": "Neighbourhood of Toronto"
  },{
    "keyword": "O'Connor-Parkview",
    "id": 63,
    "autocompleteTerm": "O'Connor-Parkview",
    "country": "Neighbourhood of Toronto"
  },{
    "keyword": "Oakridge",
    "id": 63,
    "autocompleteTerm": "Oakridge",
    "country": "Neighbourhood of Toronto"
  },{
    "keyword": "Oakwood Village",
    "id": 63,
    "autocompleteTerm": "Oakwood Village",
    "country": "Neighbourhood of Toronto"
  },{
    "keyword": "Old East York",
    "id": 63,
    "autocompleteTerm": "Old East York",
    "country": "Neighbourhood of Toronto"
  },{
    "keyword": "Palmerston-Little Italy",
    "id": 63,
    "autocompleteTerm": "Palmerston-Little Italy",
    "country": "Neighbourhood of Toronto"
  },{
    "keyword": "Parkwoods-Donalda",
    "id": 63,
    "autocompleteTerm": "Parkwoods-Donalda",
    "country": "Neighbourhood of Toronto"
  },{
    "keyword": "Pelmo Park-Humberlea",
    "id": 63,
    "autocompleteTerm": "Pelmo Park-Humberlea",
    "country": "Neighbourhood of Toronto"
  },{
    "keyword": "Playter Estates-Danforth",
    "id": 63,
    "autocompleteTerm": "Playter Estates-Danforth",
    "country": "Neighbourhood of Toronto"
  },{
    "keyword": "Pleasant View",
    "id": 63,
    "autocompleteTerm": "Pleasant View",
    "country": "Neighbourhood of Toronto"
  },{
    "keyword": "Princess-Rosethorn",
    "id": 63,
    "autocompleteTerm": "Princess-Rosethorn",
    "country": "Neighbourhood of Toronto"
  },{
    "keyword": "Regent Park",
    "id": 63,
    "autocompleteTerm": "Regent Park",
    "country": "Neighbourhood of Toronto"
  },{
    "keyword": "Rexdale-Kipling",
    "id": 63,
    "autocompleteTerm": "Rexdale-Kipling",
    "country": "Neighbourhood of Toronto"
  },{
    "keyword": "Rockcliffe-Smythe",
    "id": 63,
    "autocompleteTerm": "Rockcliffe-Smythe",
    "country": "Neighbourhood of Toronto"
  },{
    "keyword": "Roncesvalles",
    "id": 63,
    "autocompleteTerm": "Roncesvalles",
    "country": "Neighbourhood of Toronto"
  },{
    "keyword": "Rosedale-Moore Park",
    "id": 63,
    "autocompleteTerm": "Rosedale-Moore Park",
    "country": "Neighbourhood of Toronto"
  },{
    "keyword": "Rouge",
    "id": 63,
    "autocompleteTerm": "Rouge",
    "country": "Neighbourhood of Toronto"
  },{
    "keyword": "Runnymede-Bloor West Village",
    "id": 63,
    "autocompleteTerm": "Runnymede-Bloor West Village",
    "country": "Neighbourhood of Toronto"
  },{
    "keyword": "Rustic",
    "id": 63,
    "autocompleteTerm": "Rustic",
    "country": "Neighbourhood of Toronto"
  },{
    "keyword": "Scarborough Village",
    "id": 63,
    "autocompleteTerm": "Scarborough Village",
    "country": "Neighbourhood of Toronto"
  },{
    "keyword": "South Riverdale",
    "id": 63,
    "autocompleteTerm": "South Riverdale",
    "country": "Neighbourhood of Toronto"
  },{
    "keyword": "South Parkdale",
    "id": 63,
    "autocompleteTerm": "South Parkdale",
    "country": "Neighbourhood of Toronto"
  },{
    "keyword": "St. Andrew-Windfields",
    "id": 63,
    "autocompleteTerm": "St. Andrew-Windfields",
    "country": "Neighbourhood of Toronto"
  },{
    "keyword": "Steeles",
    "id": 63,
    "autocompleteTerm": "Steeles",
    "country": "Neighbourhood of Toronto"
  },{
    "keyword": "Stonegate-Queensway",
    "id": 63,
    "autocompleteTerm": "Stonegate-Queensway",
    "country": "Neighbourhood of Toronto"
  },{
    "keyword": "Tam O'Shanter-Sullivan",
    "id": 63,
    "autocompleteTerm": "Tam O'Shanter-Sullivan",
    "country": "Neighbourhood of Toronto"
  }, {
    "keyword": "The Beaches",
    "id": 63,
    "autocompleteTerm": "The Beaches",
    "country": "Neighbourhood of Toronto"
  },{
    "keyword": "Thistletown-Beaumond Heights",
    "id": 63,
    "autocompleteTerm": "Thistletown-Beaumond Heights",
    "country": "Neighbourhood of Toronto"
  },{
    "keyword": "Thorncliffe Park",
    "id": 63,
    "autocompleteTerm": "Thorncliffe Park",
    "country": "Neighbourhood of Toronto"
  },{
    "keyword": "Trinity-Bellwoods",
    "id": 63,
    "autocompleteTerm": "Trinity-Bellwoods",
    "country": "Neighbourhood of Toronto"
  },{
    "keyword": "University",
    "id": 63,
    "autocompleteTerm": "University",
    "country": "Neighbourhood of Toronto"
  },{
    "keyword": "Victoria Village",
    "id": 63,
    "autocompleteTerm": "Victoria Village",
    "country": "Neighbourhood of Toronto"
  },{
    "keyword": "Waterfront Communities-The Island",
    "id": 63,
    "autocompleteTerm": "Waterfront Communities-The Island",
    "country": "Neighbourhood of Toronto"
  },{
    "keyword": "West Hill",
    "id": 63,
    "autocompleteTerm": "West Hill",
    "country": "Neighbourhood of Toronto"
  },{
    "keyword": "West Humber-Clairville",
    "id": 63,
    "autocompleteTerm": "West Humber-Clairville",
    "country": "Neighbourhood of Toronto"
  },{
    "keyword": "Westminster-Branson",
    "id": 63,
    "autocompleteTerm": "Westminster-Branson",
    "country": "Neighbourhood of Toronto"
  },{
    "keyword": "Weston",
    "id": 63,
    "autocompleteTerm": "Weston",
    "country": "Neighbourhood of Toronto"
  },{
    "keyword": "Weston-Pelham Park",
    "id": 63,
    "autocompleteTerm": "Weston-Pelham Park",
    "country": "Neighbourhood of Toronto"
  },{
    "keyword": "Wexford-Maryvale",
    "id": 63,
    "autocompleteTerm": "Wexford-Maryvale",
    "country": "Neighbourhood of Toronto"
  },{
    "keyword": "Willowdale East",
    "id": 63,
    "autocompleteTerm": "Willowdale East",
    "country": "Neighbourhood of Toronto"
  },{
    "keyword": "Willowdale West",
    "id": 63,
    "autocompleteTerm": "Willowdale West",
    "country": "Neighbourhood of Toronto"
  },{
    "keyword": "Willowridge-Martingrove-Richviewrk",
    "id": 63,
    "autocompleteTerm": "Willowridge-Martingrove-Richview",
    "country": "Neighbourhood of Toronto"
  },{
    "keyword": "Woburn",
    "id": 63,
    "autocompleteTerm": "Woburn",
    "country": "Neighbourhood of Toronto"
  },{
    "keyword": "Woodbine Corridor",
    "id": 63,
    "autocompleteTerm": "Woodbine Corridor",
    "country": "Neighbourhood of Toronto"
  },{
    "keyword": "Woodbine-Lumsden",
    "id": 63,
    "autocompleteTerm": "Woodbine-Lumsden",
    "country": "Neighbourhood of Toronto"
  },{
    "keyword": "Wychwood",
    "id": 63,
    "autocompleteTerm": "Wychwood",
    "country": "Neighbourhood of Toronto"
  },{
    "keyword": "Yonge-Eglinton",
    "id": 63,
    "autocompleteTerm": "Yonge-Eglinton",
    "country": "Neighbourhood of Toronto"
  },{
    "keyword": "Yonge-St. Clair",
    "id": 63,
    "autocompleteTerm": "Yonge-St. Clair",
    "country": "Neighbourhood of Toronto"
  },{
    "keyword": "York University Heights",
    "id": 63,
    "autocompleteTerm": "York University Heights",
    "country": "Neighbourhood of Toronto"
  },{
    "keyword": "Yorkdale-Glen Park",
    "id": 63,
    "autocompleteTerm": "Yorkdale-Glen Park",
    "country": "Neighbourhood of Toronto"
  }]
}



















